{
  "version": "KJV",
  "books": [
    {
      "name": "Genesis",
      "testament": "OT",
      "chapters": [
        {
          "chapter": 1,
          "verses": [
            { "verse": 1, "text": "In the beginning God created the heaven and the earth." },
            { "verse": 2, "text": "And the earth was without form, and void; and darkness was upon the face of the deep. And the Spirit of God moved upon the face of the waters." },
            { "verse": 3, "text": "And God said, Let there be light: and there was light." },
            { "verse": 4, "text": "And God saw the light, that it was good: and God divided the light from the darkness." },
            { "verse": 5, "text": "And God called the light Day, and the darkness he called Night. And the evening and the morning were the first day." },
            { "verse": 6, "text": "And God said, Let there be a firmament in the midst of the waters, and let it divide the waters from the waters." },
            { "verse": 7, "text": "And God made the firmament, and divided the waters which were under the firmament from the waters which were above the firmament: and it was so." },
            { "verse": 8, "text": "And God called the firmament Heaven. And the evening and the morning were the second day." },
            { "verse": 9, "text": "And God said, Let the waters under the heaven be gathered together unto one place, and let the dry land appear: and it was so." },
            { "verse": 10, "text": "And God called the dry land Earth; and the gathering together of the waters called he Seas: and God saw that it was good." },
            { "verse": 11, "text": "And God said, Let the earth bring forth grass, the herb yielding seed, and the fruit tree yielding fruit after his kind, whose seed is in itself, upon the earth: and it was so." },
            { "verse": 12, "text": "And the earth brought forth grass, and herb yielding seed after his kind, and the tree yielding fruit, whose seed was in itself, after his kind: and God saw that it was good." },
            { "verse": 13, "text": "And the evening and the morning were the third day." },
            { "verse": 14, "text": "And God said, Let there be lights in the firmament of the heaven to divide the day from the night; and let them be for signs, and for seasons, and for days, and years:" },
            { "verse": 15, "text": "And let them be for lights in the firmament of the heaven to give light upon the earth: and it was so." },
            { "verse": 16, "text": "And God made two great lights; the greater light to rule the day, and the lesser light to rule the night: he made the stars also." },
            { "verse": 17, "text": "And God set them in the firmament of the heaven to give light upon the earth," },
            { "verse": 18, "text": "And to rule over the day and over the night, and to divide the light from the darkness: and God saw that it was good." },
            { "verse": 19, "text": "And the evening and the morning were the fourth day." },
            { "verse": 20, "text": "And God said, Let the waters bring forth abundantly the moving creature that hath life, and fowl that may fly above the earth in the open firmament of heaven." },
            { "verse": 21, "text": "And God created great whales, and every living creature that moveth, which the waters brought forth abundantly, after their kind, and every winged fowl after his kind: and God saw that it was good." },
            { "verse": 22, "text": "And God blessed them, saying, Be fruitful, and multiply, and fill the waters in the seas, and let fowl multiply in the earth." },
            { "verse": 23, "text": "And the evening and the morning were the fifth day." },
            { "verse": 24, "text": "And God said, Let the earth bring forth the living creature after his kind, cattle, and creeping thing, and beast of the earth after his kind: and it was so." },
            { "verse": 25, "text": "And God made the beast of the earth after his kind, and cattle after their kind, and every thing that creepeth upon the earth after his kind: and God saw that it was good." },
            { "verse": 26, "text": "And God said, Let us make man in our image, after our likeness: and let them have dominion over the fish of the sea, and over the fowl of the air, and over the cattle, and over all the earth, and over every creeping thing that creepeth upon the earth." },
            { "verse": 27, "text": "So God created man in his own image, in the image of God created he him; male and female created he them." },
            { "verse": 28, "text": "And God blessed them, and God said unto them, Be fruitful, and multiply, and replenish the earth, and subdue it: and have dominion over the fish of the sea, and over the fowl of the air, and over every living thing that moveth upon the earth." },
            { "verse": 29, "text": "And God said, Behold, I have given you every herb bearing seed, which is upon the face of all the earth, and every tree, in the which is the fruit of a tree yielding seed; to you it shall be for meat." },
            { "verse": 30, "text": "And to every beast of the earth, and to every fowl of the air, and to every thing that creepeth upon the earth, wherein there is life, I have given every green herb for meat: and it was so." },
            { "verse": 31, "text": "And God saw every thing that he had made, and, behold, it was very good. And the evening and the morning were the sixth day." }
          ]
        }
      ]
    },
    {
      "name": "Exodus",
      "testament": "OT",
      "chapters": []
    },
    {
      "name": "Leviticus",
      "testament": "OT",
      "chapters": []
    },
    {
      "name": "Numbers",
      "testament": "OT",
      "chapters": []
    },
    {
      "name": "Deuteronomy",
      "testament": "OT",
      "chapters": []
    },
    {
      "name": "Joshua",
      "testament": "OT",
      "chapters": []
    },
    {
      "name": "Judges",
      "testament": "OT",
      "chapters": []
    },
    {
      "name": "Ruth",
      "testament": "OT",
      "chapters": []
    },
    {
      "name": "1 Samuel",
      "testament": "OT",
      "chapters": []
    },
    {
      "name": "2 Samuel",
      "testament": "OT",
      "chapters": []
    },
    {
      "name": "1 Kings",
      "testament": "OT",
      "chapters": []
    },
    {
      "name": "2 Kings",
      "testament": "OT",
      "chapters": []
    },
    {
      "name": "1 Chronicles",
      "testament": "OT",
      "chapters": []
    },
    {
      "name": "2 Chronicles",
      "testament": "OT",
      "chapters": []
    },
    {
      "name": "Ezra",
      "testament": "OT",
      "chapters": []
    },
    {
      "name": "Nehemiah",
      "testament": "OT",
      "chapters": []
    },
    {
      "name": "Esther",
      "testament": "OT",
      "chapters": []
    },
    {
      "name": "Job",
      "testament": "OT",
      "chapters": []
    },
    {
      "name": "Psalms",
      "testament": "OT",
      "chapters": [
        {
          "chapter": 23,
          "verses": [
            { "verse": 1, "text": "The LORD is my shepherd; I shall not want." },
            { "verse": 2, "text": "He maketh me to lie down in green pastures: he leadeth me beside the still waters." },
            { "verse": 3, "text": "He restoreth my soul: he leadeth me in the paths of righteousness for his name's sake." },
            { "verse": 4, "text": "Yea, though I walk through the valley of the shadow of death, I will fear no evil: for thou art with me; thy rod and thy staff they comfort me." },
            { "verse": 5, "text": "Thou preparest a table before me in the presence of mine enemies: thou anointest my head with oil; my cup runneth over." },
            { "verse": 6, "text": "Surely goodness and mercy shall follow me all the days of my life: and I will dwell in the house of the LORD for ever." }
          ]
        }
      ]
    },
    {
      "name": "Proverbs",
      "testament": "OT",
      "chapters": [
        {
          "chapter": 3,
          "verses": [
            { "verse": 1, "text": "My son, forget not my law; but let thine heart keep my commandments:" },
            { "verse": 2, "text": "For length of days, and long life, and peace, shall they add to thee." },
            { "verse": 3, "text": "Let not mercy and truth forsake thee: bind them about thy neck; write them upon the table of thine heart:" },
            { "verse": 4, "text": "So shalt thou find favour and good understanding in the sight of God and man." },
            { "verse": 5, "text": "Trust in the LORD with all thine heart; and lean not unto thine own understanding." },
            { "verse": 6, "text": "In all thy ways acknowledge him, and he shall direct thy paths." }
          ]
        }
      ]
    },
    {
      "name": "Ecclesiastes",
      "testament": "OT",
      "chapters": []
    },
    {
      "name": "Song of Solomon",
      "testament": "OT",
      "chapters": []
    },
    {
      "name": "Isaiah",
      "testament": "OT",
      "chapters": [
        {
          "chapter": 41,
          "verses": [
            { "verse": 10, "text": "Fear thou not; for I am with thee: be not dismayed; for I am thy God: I will strengthen thee; yea, I will help thee; yea, I will uphold thee with the right hand of my righteousness." }
          ]
        }
      ]
    },
    {
      "name": "Jeremiah",
      "testament": "OT",
      "chapters": [
        {
          "chapter": 29,
          "verses": [
            { "verse": 11, "text": "For I know the thoughts that I think toward you, saith the LORD, thoughts of peace, and not of evil, to give you an expected end." }
          ]
        }
      ]
    },
    {
      "name": "Lamentations",
      "testament": "OT",
      "chapters": []
    },
    {
      "name": "Ezekiel",
      "testament": "OT",
      "chapters": []
    },
    {
      "name": "Daniel",
      "testament": "OT",
      "chapters": []
    },
    {
      "name": "Hosea",
      "testament": "OT",
      "chapters": []
    },
    {
      "name": "Joel",
      "testament": "OT",
      "chapters": []
    },
    {
      "name": "Amos",
      "testament": "OT",
      "chapters": []
    },
    {
      "name": "Obadiah",
      "testament": "OT",
      "chapters": []
    },
    {
      "name": "Jonah",
      "testament": "OT",
      "chapters": []
    },
    {
      "name": "Micah",
      "testament": "OT",
      "chapters": []
    },
    {
      "name": "Nahum",
      "testament": "OT",
      "chapters": []
    },
    {
      "name": "Habakkuk",
      "testament": "OT",
      "chapters": []
    },
    {
      "name": "Zephaniah",
      "testament": "OT",
      "chapters": []
    },
    {
      "name": "Haggai",
      "testament": "OT",
      "chapters": []
    },
    {
      "name": "Zechariah",
      "testament": "OT",
      "chapters": []
    },
    {
      "name": "Malachi",
      "testament": "OT",
      "chapters": []
    },
    {
      "name": "Matthew",
      "testament": "NT",
      "chapters": [
        {
          "chapter": 6,
          "verses": [
            { "verse": 33, "text": "But seek ye first the kingdom of God, and his righteousness; and all these things shall be added unto you." }
          ]
        },
        {
          "chapter": 11,
          "verses": [
            { "verse": 28, "text": "Come unto me, all ye that labour and are heavy laden, and I will give you rest." }
          ]
        }
      ]
    },
    {
      "name": "Mark",
      "testament": "NT",
      "chapters": []
    },
    {
      "name": "Luke",
      "testament": "NT",
      "chapters": []
    },
    {
      "name": "John",
      "testament": "NT",
      "chapters": [
        {
          "chapter": 3,
          "verses": [
            { "verse": 16, "text": "For God so loved the world, that he gave his only begotten Son, that whosoever believeth in him should not perish, but have everlasting life." }
          ]
        },
        {
          "chapter": 14,
          "verses": [
            { "verse": 6, "text": "Jesus saith unto him, I am the way, the truth, and the life: no man cometh unto the Father, but by me." }
          ]
        }
      ]
    },
    {
      "name": "Acts",
      "testament": "NT",
      "chapters": []
    },
    {
      "name": "Romans",
      "testament": "NT",
      "chapters": [
        {
          "chapter": 5,
          "verses": [
            { "verse": 8, "text": "But God commendeth his love toward us, in that, while we were yet sinners, Christ died for us." }
          ]
        },
        {
          "chapter": 8,
          "verses": [
            { "verse": 28, "text": "And we know that all things work together for good to them that love God, to them who are the called according to his purpose." }
          ]
        },
        {
          "chapter": 12,
          "verses": [
            { "verse": 2, "text": "And be not conformed to this world: but be ye transformed by the renewing of your mind, that ye may prove what is that good, and acceptable, and perfect, will of God." }
          ]
        }
      ]
    },
    {
      "name": "1 Corinthians",
      "testament": "NT",
      "chapters": []
    },
    {
      "name": "2 Corinthians",
      "testament": "NT",
      "chapters": []
    },
    {
      "name": "Galatians",
      "testament": "NT",
      "chapters": [
        {
          "chapter": 5,
          "verses": [
            { "verse": 22, "text": "But the fruit of the Spirit is love, joy, peace, longsuffering, gentleness, goodness, faith," },
            { "verse": 23, "text": "Meekness, temperance: against such there is no law." }
          ]
        }
      ]
    },
    {
      "name": "Ephesians",
      "testament": "NT",
      "chapters": [
        {
          "chapter": 2,
          "verses": [
            { "verse": 8, "text": "For by grace are ye saved through faith; and that not of yourselves: it is the gift of God:" },
            { "verse": 9, "text": "Not of works, lest any man should boast." }
          ]
        }
      ]
    },
    {
      "name": "Philippians",
      "testament": "NT",
      "chapters": [
        {
          "chapter": 4,
          "verses": [
            { "verse": 13, "text": "I can do all things through Christ which strengtheneth me." }
          ]
        }
      ]
    },
    {
      "name": "Colossians",
      "testament": "NT",
      "chapters": [
        {
          "chapter": 3,
          "verses": [
            { "verse": 23, "text": "And whatsoever ye do, do it heartily, as to the Lord, and not unto men;" }
          ]
        }
      ]
    },
    {
      "name": "1 Thessalonians",
      "testament": "NT",
      "chapters": []
    },
    {
      "name": "2 Thessalonians",
      "testament": "NT",
      "chapters": []
    },
    {
      "name": "1 Timothy",
      "testament": "NT",
      "chapters": []
    },
    {
      "name": "2 Timothy",
      "testament": "NT",
      "chapters": []
    },
    {
      "name": "Titus",
      "testament": "NT",
      "chapters": []
    },
    {
      "name": "Philemon",
      "testament": "NT",
      "chapters": []
    },
    {
      "name": "Hebrews",
      "testament": "NT",
      "chapters": [
        {
          "chapter": 11,
          "verses": [
            { "verse": 1, "text": "Now faith is the substance of things hoped for, the evidence of things not seen." }
          ]
        }
      ]
    },
    {
      "name": "James",
      "testament": "NT",
      "chapters": [
        {
          "chapter": 1,
          "verses": [
            { "verse": 2, "text": "My brethren, count it all joy when ye fall into divers temptations;" },
            { "verse": 3, "text": "Knowing this, that the trying of your faith worketh patience." }
          ]
        }
      ]
    },
    {
      "name": "1 Peter",
      "testament": "NT",
      "chapters": []
    },
    {
      "name": "2 Peter",
      "testament": "NT",
      "chapters": []
    },
    {
      "name": "1 John",
      "testament": "NT",
      "chapters": []
    },
    {
      "name": "2 John",
      "testament": "NT",
      "chapters": []
    },
    {
      "name": "3 John",
      "testament": "NT",
      "chapters": []
    },
    {
      "name": "Jude",
      "testament": "NT",
      "chapters": []
    },
    {
      "name": "Revelation",
      "testament": "NT",
      "chapters": []
    }
  ],
  "_instructions": "COMPLETE KJV BIBLE DATA REQUIRED: This file currently contains a structural template with all 66 books defined and sample verses from popular passages. To make this a complete, production-ready Bible app, you MUST replace this file with the complete King James Version Bible containing all 1,189 chapters and 31,102 verses. Recommended sources: 1) Bible SuperSearch (https://sourceforge.net/projects/biblesuper/files/All%20Bibles%20-%20JSON/) - Download 'kjv.json' 2) GitHub repositories: farskipper/kjv, renyuzhuo/KJV-JSON, or aruljohn/Bible-kjv-1611. After obtaining the complete data, convert it to match this exact structure: { version: 'KJV', books: [{ name: string, testament: 'OT'|'NT', chapters: [{ chapter: number, verses: [{ verse: number, text: string }] }] }] }. The current file includes Genesis 1 (complete), Psalm 23, Proverbs 3:5-6, and other popular verses to demonstrate functionality, but all books need their complete chapter and verse data for full offline Bible reading capability."
}
